{
  "IsEncrypted": false,
  "Values": {
    "WEBSITE_SLOT_NAME": "Production",
    "FUNCTIONS_EXTENSION_VERSION": "~2",
    "ScmType": "None",
    "WEBSITE_AUTH_ENABLED": "False",
    "WEBSITE_RUN_FROM_PACKAGE": "1",
    "APPINSIGHTS_INSTRUMENTATIONKEY": "0e36b099-8644-4688-b8c0-38e80b43c80d",
    "WEBSITE_NODE_DEFAULT_VERSION": "10.14.1",
    "WEBSITE_CONTENTAZUREFILECONNECTIONSTRING": "DefaultEndpointsProtocol=https;AccountName=dotnetmemory135831d;AccountKey=AaR/KtzDQ/yZHFZIan+fe5BYS+wxIlfkahkKBYhJJxVsTDveOxKU2x1hBbmecKWaBog1mWwPQCtG0Anuk3/7dg==",
    "WEBSITE_CONTENTSHARE": "dotnet-memory135831d",
    "FUNCTIONS_WORKER_RUNTIME": "dotnet",
    "WEBSITE_SITE_NAME": "dotnet-memory135",
    "AzureWebJobsStorage": "DefaultEndpointsProtocol=https;AccountName=dotnetmemory135831d;AccountKey=AaR/KtzDQ/yZHFZIan+fe5BYS+wxIlfkahkKBYhJJxVsTDveOxKU2x1hBbmecKWaBog1mWwPQCtG0Anuk3/7dg=="
  }
}